SALE_ID,CUSTOMER_ID,STORE_ID,PRODUCT_ID,SALE_DATE,AMOUNT,QUANTITY,DISCOUNT
408,9,1,1,2025-02-18T00:00:00Z,5837,4,
409,10,2,2,2025-02-19T00:00:00Z,1037,5,244
410,11,3,3,2025-02-20T00:00:00Z,4481,1,59
411,12,1,4,2025-02-21T00:00:00Z,3634,2,107
412,13,2,1,2025-02-22T00:00:00Z,379,3,
413,14,3,2,2025-02-23T00:00:00Z,3342,4,22
414,15,1,3,2025-02-24T00:00:00Z,9309,5,292
415,16,2,4,2025-02-25T00:00:00Z,8513,1,490
416,17,3,1,2025-02-26T00:00:00Z,7550,2,
417,18,1,2,2025-02-27T00:00:00Z,9015,3,60
418,19,2,3,2025-02-28T00:00:00Z,8259,4,472
419,20,3,4,2025-03-01T00:00:00Z,2264,5,67
420,21,1,1,2025-03-02T00:00:00Z,9377,1,
421,22,2,2,2025-03-03T00:00:00Z,8781,2,488
422,23,3,3,2025-03-04T00:00:00Z,4564,3,167
423,24,1,4,2025-03-05T00:00:00Z,483,4,286
424,25,2,1,2025-03-06T00:00:00Z,7507,5,
425,26,3,2,2025-03-07T00:00:00Z,8198,1,322
426,27,1,3,2025-03-08T00:00:00Z,9443,2,243
427,28,2,4,2025-03-09T00:00:00Z,5788,3,238
428,29,3,1,2025-03-10T00:00:00Z,6533,4,
429,30,1,2,2025-03-11T00:00:00Z,5597,5,12
430,31,2,3,2025-03-12T00:00:00Z,1489,1,38
431,32,3,4,2025-03-13T00:00:00Z,9858,2,468
432,33,1,1,2025-03-14T00:00:00Z,5070,3,
433,34,2,2,2025-03-15T00:00:00Z,6969,4,204
434,35,3,3,2025-03-16T00:00:00Z,5070,5,114
435,36,1,4,2025-03-17T00:00:00Z,2774,1,362
436,37,2,1,2025-03-18T00:00:00Z,423,2,
437,38,3,2,2025-03-19T00:00:00Z,6453,3,117
438,39,1,3,2025-03-20T00:00:00Z,6232,4,154
439,40,2,4,2025-03-21T00:00:00Z,1709,5,25
440,41,3,1,2025-03-22T00:00:00Z,4211,1,
441,42,1,2,2025-03-23T00:00:00Z,5201,2,13
442,43,2,3,2025-03-24T00:00:00Z,8492,3,96
443,44,3,4,2025-03-25T00:00:00Z,8370,4,486
444,45,1,1,2025-03-26T00:00:00Z,8053,5,
445,46,2,2,2025-03-27T00:00:00Z,6031,1,204
446,47,3,3,2025-03-28T00:00:00Z,2337,2,208
447,48,1,4,2025-03-29T00:00:00Z,9836,3,447
448,49,2,1,2025-03-30T00:00:00Z,9589,4,
449,50,3,2,2025-03-31T00:00:00Z,963,5,382
450,1,1,3,2025-01-01T00:00:00Z,4496,1,457
451,2,2,4,2025-01-02T00:00:00Z,5191,2,225
452,3,3,1,2025-01-03T00:00:00Z,975,3,
453,4,1,2,2025-01-04T00:00:00Z,2537,4,93
454,5,2,3,2025-01-05T00:00:00Z,3597,5,343
455,6,3,4,2025-01-06T00:00:00Z,7850,1,190
456,7,1,1,2025-01-07T00:00:00Z,1209,2,
457,8,2,2,2025-01-08T00:00:00Z,8015,3,487
458,9,3,3,2025-01-09T00:00:00Z,8922,4,54
459,10,1,4,2025-01-10T00:00:00Z,4775,5,254
460,11,2,1,2025-01-11T00:00:00Z,7330,1,
461,12,3,2,2025-01-12T00:00:00Z,8412,2,65
462,13,1,3,2025-01-13T00:00:00Z,8627,3,296
463,14,2,4,2025-01-14T00:00:00Z,3381,4,367
464,15,3,1,2025-01-15T00:00:00Z,1079,5,
465,16,1,2,2025-01-16T00:00:00Z,3866,1,203
466,17,2,3,2025-01-17T00:00:00Z,1783,2,185
467,18,3,4,2025-01-18T00:00:00Z,4835,3,244
468,19,1,1,2025-01-19T00:00:00Z,5586,4,
469,20,2,2,2025-01-20T00:00:00Z,7357,5,39
470,21,3,3,2025-01-21T00:00:00Z,3886,1,210
471,22,1,4,2025-01-22T00:00:00Z,2080,2,387
472,23,2,1,2025-01-23T00:00:00Z,2037,3,
473,24,3,2,2025-01-24T00:00:00Z,7914,4,116
474,25,1,3,2025-01-25T00:00:00Z,2941,5,321
475,26,2,4,2025-01-26T00:00:00Z,9467,1,350
476,27,3,1,2025-01-27T00:00:00Z,6920,2,
477,28,1,2,2025-01-28T00:00:00Z,8694,3,365
478,29,2,3,2025-01-29T00:00:00Z,1439,4,413
479,30,3,4,2025-01-30T00:00:00Z,150,5,412
480,31,1,1,2025-01-31T00:00:00Z,6751,1,
481,32,2,2,2025-02-01T00:00:00Z,1001,2,94
482,33,3,3,2025-02-02T00:00:00Z,212,3,448
483,34,1,4,2025-02-03T00:00:00Z,8357,4,137
484,35,2,1,2025-02-04T00:00:00Z,6075,5,
485,36,3,2,2025-02-05T00:00:00Z,6513,1,417
486,37,1,3,2025-02-06T00:00:00Z,2422,2,263
487,38,2,4,2025-02-07T00:00:00Z,4319,3,252
488,39,3,1,2025-02-08T00:00:00Z,2161,4,
489,40,1,2,2025-02-09T00:00:00Z,1825,5,333
490,41,2,3,2025-02-10T00:00:00Z,2927,1,138
491,42,3,4,2025-02-11T00:00:00Z,7157,2,18
492,43,1,1,2025-02-12T00:00:00Z,4796,3,
493,44,2,2,2025-02-13T00:00:00Z,679,4,282
494,45,3,3,2025-02-14T00:00:00Z,2809,5,108
495,46,1,4,2025-02-15T00:00:00Z,4570,1,125
496,47,2,1,2025-02-16T00:00:00Z,2114,2,
497,48,3,2,2025-02-17T00:00:00Z,4059,3,495
498,49,1,3,2025-02-18T00:00:00Z,389,4,289
499,50,2,4,2025-02-19T00:00:00Z,6523,5,287
500,1,3,1,2025-02-20T00:00:00Z,6313,1,
501,2,1,2,2025-02-21T00:00:00Z,8936,2,324
502,3,2,3,2025-02-22T00:00:00Z,221,3,425
503,4,3,4,2025-02-23T00:00:00Z,6025,4,221
504,5,1,1,2025-02-24T00:00:00Z,3120,5,
505,6,2,2,2025-02-25T00:00:00Z,6451,1,393
506,7,3,3,2025-02-26T00:00:00Z,8445,2,69
507,8,1,4,2025-02-27T00:00:00Z,3605,3,487
508,9,2,1,2025-02-28T00:00:00Z,1383,4,
509,10,3,2,2025-03-01T00:00:00Z,4420,5,85
510,11,1,3,2025-03-02T00:00:00Z,3044,1,41
511,12,2,4,2025-03-03T00:00:00Z,3817,2,473
512,13,3,1,2025-03-04T00:00:00Z,2976,3,
513,14,1,2,2025-03-05T00:00:00Z,6274,4,130
514,15,2,3,2025-03-06T00:00:00Z,1070,5,125
515,16,3,4,2025-03-07T00:00:00Z,2556,1,320
516,17,1,1,2025-03-08T00:00:00Z,2248,2,
517,18,2,2,2025-03-09T00:00:00Z,4839,3,402
518,19,3,3,2025-03-10T00:00:00Z,1519,4,166
519,20,1,4,2025-03-11T00:00:00Z,1438,5,118
520,21,2,1,2025-03-12T00:00:00Z,318,1,
521,22,3,2,2025-03-13T00:00:00Z,2655,2,361
522,23,1,3,2025-03-14T00:00:00Z,5709,3,184
523,24,2,4,2025-03-15T00:00:00Z,8006,4,165
524,25,3,1,2025-03-16T00:00:00Z,1871,5,
525,26,1,2,2025-03-17T00:00:00Z,9106,1,132
526,27,2,3,2025-03-18T00:00:00Z,3358,2,445
527,28,3,4,2025-03-19T00:00:00Z,3929,3,255
528,29,1,1,2025-03-20T00:00:00Z,4687,4,
529,30,2,2,2025-03-21T00:00:00Z,3715,5,488
530,31,3,3,2025-03-22T00:00:00Z,8611,1,143
531,32,1,4,2025-03-23T00:00:00Z,8129,2,365
532,33,2,1,2025-03-24T00:00:00Z,1352,3,
533,34,3,2,2025-03-25T00:00:00Z,8899,4,326
534,35,1,3,2025-03-26T00:00:00Z,742,5,48
535,36,2,4,2025-03-27T00:00:00Z,2381,1,230
536,37,3,1,2025-03-28T00:00:00Z,9606,2,
537,38,1,2,2025-03-29T00:00:00Z,9173,3,41
538,39,2,3,2025-03-30T00:00:00Z,1510,4,310
539,40,3,4,2025-03-31T00:00:00Z,6934,5,351
540,41,1,1,2025-01-01T00:00:00Z,7928,1,
541,42,2,2,2025-01-02T00:00:00Z,9516,2,311
542,43,3,3,2025-01-03T00:00:00Z,2499,3,150
543,44,1,4,2025-01-04T00:00:00Z,2016,4,314
544,45,2,1,2025-01-05T00:00:00Z,5164,5,
545,46,3,2,2025-01-06T00:00:00Z,6359,1,303
546,47,1,3,2025-01-07T00:00:00Z,7003,2,310
547,48,2,4,2025-01-08T00:00:00Z,6112,3,48
548,49,3,1,2025-01-09T00:00:00Z,7536,4,
549,50,1,2,2025-01-10T00:00:00Z,6150,5,436
550,1,2,3,2025-01-11T00:00:00Z,4507,1,22
551,2,3,4,2025-01-12T00:00:00Z,8667,2,53
552,3,1,1,2025-01-13T00:00:00Z,3419,3,
553,4,2,2,2025-01-14T00:00:00Z,9467,4,17
554,5,3,3,2025-01-15T00:00:00Z,3214,5,360
555,6,1,4,2025-01-16T00:00:00Z,3870,1,167
556,7,2,1,2025-01-17T00:00:00Z,5266,2,
557,8,3,2,2025-01-18T00:00:00Z,9389,3,22
558,9,1,3,2025-01-19T00:00:00Z,6818,4,176
559,10,2,4,2025-01-20T00:00:00Z,1243,5,356
560,11,3,1,2025-01-21T00:00:00Z,6538,1,
561,12,1,2,2025-01-22T00:00:00Z,1765,2,245
562,13,2,3,2025-01-23T00:00:00Z,7861,3,227
563,14,3,4,2025-01-24T00:00:00Z,3310,4,414
564,15,1,1,2025-01-25T00:00:00Z,5070,5,
565,16,2,2,2025-01-26T00:00:00Z,2597,1,79
566,17,3,3,2025-01-27T00:00:00Z,8299,2,422
567,18,1,4,2025-01-28T00:00:00Z,3241,3,209
568,19,2,1,2025-01-29T00:00:00Z,9410,4,
569,20,3,2,2025-01-30T00:00:00Z,9295,5,122
570,21,1,3,2025-01-31T00:00:00Z,9479,1,322
571,22,2,4,2025-02-01T00:00:00Z,7140,2,62
572,23,3,1,2025-02-02T00:00:00Z,6695,3,
573,24,1,2,2025-02-03T00:00:00Z,9955,4,286
574,25,2,3,2025-02-04T00:00:00Z,8090,5,75
575,26,3,4,2025-02-05T00:00:00Z,6483,1,103
576,27,1,1,2025-02-06T00:00:00Z,9704,2,
577,28,2,2,2025-02-07T00:00:00Z,7171,3,207
578,29,3,3,2025-02-08T00:00:00Z,2709,4,390
579,30,1,4,2025-02-09T00:00:00Z,5604,5,272
580,31,2,1,2025-02-10T00:00:00Z,639,1,
581,32,3,2,2025-02-11T00:00:00Z,2012,2,142
582,33,1,3,2025-02-12T00:00:00Z,5307,3,68
583,34,2,4,2025-02-13T00:00:00Z,2361,4,90
584,35,3,1,2025-02-14T00:00:00Z,7898,5,
585,36,1,2,2025-02-15T00:00:00Z,3389,1,363
586,37,2,3,2025-02-16T00:00:00Z,6589,2,162
587,38,3,4,2025-02-17T00:00:00Z,5551,3,240
588,39,1,1,2025-02-18T00:00:00Z,5790,4,
589,40,2,2,2025-02-19T00:00:00Z,7390,5,394
590,41,3,3,2025-02-20T00:00:00Z,140,1,64
591,42,1,4,2025-02-21T00:00:00Z,2767,2,234
592,43,2,1,2025-02-22T00:00:00Z,3069,3,
593,44,3,2,2025-02-23T00:00:00Z,1327,4,487
594,45,1,3,2025-02-24T00:00:00Z,4193,5,29
595,46,2,4,2025-02-25T00:00:00Z,2344,1,385
596,47,3,1,2025-02-26T00:00:00Z,373,2,
597,48,1,2,2025-02-27T00:00:00Z,7005,3,188
598,49,2,3,2025-02-28T00:00:00Z,8969,4,260
599,50,3,4,2025-03-01T00:00:00Z,6775,5,238
600,1,1,1,2025-03-02T00:00:00Z,559,1,
601,2,2,2,2025-03-03T00:00:00Z,4630,2,64
602,3,3,3,2025-03-04T00:00:00Z,4299,3,31
603,4,1,4,2025-03-05T00:00:00Z,8270,4,168
604,5,2,1,2025-03-06T00:00:00Z,3120,5,
605,6,3,2,2025-03-07T00:00:00Z,1231,1,145
606,7,1,3,2025-03-08T00:00:00Z,7095,2,197
607,8,2,4,2025-03-09T00:00:00Z,9742,3,487
608,9,3,1,2025-03-10T00:00:00Z,8269,4,
609,10,1,2,2025-03-11T00:00:00Z,6756,5,363
610,11,2,3,2025-03-12T00:00:00Z,846,1,343
611,12,3,4,2025-03-13T00:00:00Z,5139,2,239
612,13,1,1,2025-03-14T00:00:00Z,2392,3,
613,14,2,2,2025-03-15T00:00:00Z,5005,4,153
614,15,3,3,2025-03-16T00:00:00Z,1537,5,464
615,16,1,4,2025-03-17T00:00:00Z,5314,1,345
616,17,2,1,2025-03-18T00:00:00Z,8442,2,
617,18,3,2,2025-03-19T00:00:00Z,4002,3,70
618,19,1,3,2025-03-20T00:00:00Z,3624,4,14
619,20,2,4,2025-03-21T00:00:00Z,5842,5,499
620,21,3,1,2025-03-22T00:00:00Z,7820,1,
621,22,1,2,2025-03-23T00:00:00Z,6130,2,170
622,23,2,3,2025-03-24T00:00:00Z,4218,3,198
623,24,3,4,2025-03-25T00:00:00Z,7363,4,13
624,25,1,1,2025-03-26T00:00:00Z,5100,5,
625,26,2,2,2025-03-27T00:00:00Z,9484,1,200
626,27,3,3,2025-03-28T00:00:00Z,8650,2,451
627,28,1,4,2025-03-29T00:00:00Z,4915,3,60
628,29,2,1,2025-03-30T00:00:00Z,3836,4,
629,30,3,2,2025-03-31T00:00:00Z,8735,5,188
630,31,1,3,2025-01-01T00:00:00Z,7445,1,93
631,32,2,4,2025-01-02T00:00:00Z,7602,2,104
632,33,3,1,2025-01-03T00:00:00Z,3896,3,
633,34,1,2,2025-01-04T00:00:00Z,6411,4,63
634,35,2,3,2025-01-05T00:00:00Z,8872,5,118
635,36,3,4,2025-01-06T00:00:00Z,4489,1,334
636,37,1,1,2025-01-07T00:00:00Z,1313,2,
637,38,2,2,2025-01-08T00:00:00Z,8577,3,356
638,39,3,3,2025-01-09T00:00:00Z,1693,4,296
639,40,1,4,2025-01-10T00:00:00Z,3069,5,128
640,41,2,1,2025-01-11T00:00:00Z,654,1,
641,42,3,2,2025-01-12T00:00:00Z,4599,2,50
642,43,1,3,2025-01-13T00:00:00Z,1932,3,234
643,44,2,4,2025-01-14T00:00:00Z,8568,4,57
644,45,3,1,2025-01-15T00:00:00Z,4005,5,
645,46,1,2,2025-01-16T00:00:00Z,7801,1,132
646,47,2,3,2025-01-17T00:00:00Z,3102,2,205
647,48,3,4,2025-01-18T00:00:00Z,568,3,296
648,49,1,1,2025-01-19T00:00:00Z,5683,4,
649,50,2,2,2025-01-20T00:00:00Z,8807,5,278
650,1,3,3,2025-01-21T00:00:00Z,3978,1,117
651,2,1,4,2025-01-22T00:00:00Z,1155,2,336
652,3,2,1,2025-01-23T00:00:00Z,8302,3,
653,4,3,2,2025-01-24T00:00:00Z,7714,4,48
654,5,1,3,2025-01-25T00:00:00Z,5111,5,299
655,6,2,4,2025-01-26T00:00:00Z,7148,1,336
656,7,3,1,2025-01-27T00:00:00Z,5356,2,
657,8,1,2,2025-01-28T00:00:00Z,6906,3,61
658,9,2,3,2025-01-29T00:00:00Z,9555,4,471
659,10,3,4,2025-01-30T00:00:00Z,1930,5,286
660,11,1,1,2025-01-31T00:00:00Z,3358,1,
661,12,2,2,2025-02-01T00:00:00Z,2269,2,420
662,13,3,3,2025-02-02T00:00:00Z,5685,3,272
663,14,1,4,2025-02-03T00:00:00Z,4453,4,346
664,15,2,1,2025-02-04T00:00:00Z,459,5,
665,16,3,2,2025-02-05T00:00:00Z,1634,1,241
666,17,1,3,2025-02-06T00:00:00Z,7855,2,168
667,18,2,4,2025-02-07T00:00:00Z,2163,3,262
668,19,3,1,2025-02-08T00:00:00Z,830,4,
669,20,1,2,2025-02-09T00:00:00Z,8138,5,415
670,21,2,3,2025-02-10T00:00:00Z,4173,1,44
671,22,3,4,2025-02-11T00:00:00Z,3249,2,285
672,23,1,1,2025-02-12T00:00:00Z,539,3,
673,24,2,2,2025-02-13T00:00:00Z,7958,4,427
674,25,3,3,2025-02-14T00:00:00Z,9879,5,276
675,26,1,4,2025-02-15T00:00:00Z,2078,1,181
676,27,2,1,2025-02-16T00:00:00Z,7216,2,
677,28,3,2,2025-02-17T00:00:00Z,4386,3,434
678,29,1,3,2025-02-18T00:00:00Z,7306,4,140
679,30,2,4,2025-02-19T00:00:00Z,4273,5,73
680,31,3,1,2025-02-20T00:00:00Z,4210,1,
681,32,1,2,2025-02-21T00:00:00Z,9873,2,48
682,33,2,3,2025-02-22T00:00:00Z,2612,3,138
683,34,3,4,2025-02-23T00:00:00Z,1449,4,310
684,35,1,1,2025-02-24T00:00:00Z,1010,5,
685,36,2,2,2025-02-25T00:00:00Z,2925,1,20
686,37,3,3,2025-02-26T00:00:00Z,6669,2,267
687,38,1,4,2025-02-27T00:00:00Z,4978,3,472
688,39,2,1,2025-02-28T00:00:00Z,7589,4,
689,40,3,2,2025-03-01T00:00:00Z,4285,5,263
690,41,1,3,2025-03-02T00:00:00Z,9854,1,489
691,42,2,4,2025-03-03T00:00:00Z,4193,2,165
692,43,3,1,2025-03-04T00:00:00Z,7643,3,
693,44,1,2,2025-03-05T00:00:00Z,465,4,458
694,45,2,3,2025-03-06T00:00:00Z,2619,5,438
695,46,3,4,2025-03-07T00:00:00Z,5569,1,384
696,47,1,1,2025-03-08T00:00:00Z,4270,2,
697,48,2,2,2025-03-09T00:00:00Z,8931,3,457
698,49,3,3,2025-03-10T00:00:00Z,7407,4,106
699,50,1,4,2025-03-11T00:00:00Z,5966,5,170
700,1,2,1,2025-03-12T00:00:00Z,827,1,
701,2,3,2,2025-03-13T00:00:00Z,9634,2,21
702,3,1,3,2025-03-14T00:00:00Z,1693,3,306
703,4,2,4,2025-03-15T00:00:00Z,5866,4,357
704,5,3,1,2025-03-16T00:00:00Z,3244,5,
705,6,1,2,2025-03-17T00:00:00Z,3503,1,466
706,7,2,3,2025-03-18T00:00:00Z,3063,2,315
707,8,3,4,2025-03-19T00:00:00Z,8680,3,355
708,9,1,1,2025-03-20T00:00:00Z,4174,4,
709,10,2,2,2025-03-21T00:00:00Z,2864,5,32
710,11,3,3,2025-03-22T00:00:00Z,379,1,235
711,12,1,4,2025-03-23T00:00:00Z,513,2,338
712,13,2,1,2025-03-24T00:00:00Z,8612,3,
713,14,3,2,2025-03-25T00:00:00Z,6345,4,19
714,15,1,3,2025-03-26T00:00:00Z,6859,5,24
715,16,2,4,2025-03-27T00:00:00Z,5279,1,417
716,17,3,1,2025-03-28T00:00:00Z,4861,2,
717,18,1,2,2025-03-29T00:00:00Z,6167,3,496
718,19,2,3,2025-03-30T00:00:00Z,6012,4,233
719,20,3,4,2025-03-31T00:00:00Z,9657,5,460
720,21,1,1,2025-01-01T00:00:00Z,359,1,
721,22,2,2,2025-01-02T00:00:00Z,1086,2,350
722,23,3,3,2025-01-03T00:00:00Z,3031,3,381
723,24,1,4,2025-01-04T00:00:00Z,2544,4,40
724,25,2,1,2025-01-05T00:00:00Z,6628,5,
725,26,3,2,2025-01-06T00:00:00Z,7825,1,480
726,27,1,3,2025-01-07T00:00:00Z,2913,2,417
727,28,2,4,2025-01-08T00:00:00Z,8109,3,230
728,29,3,1,2025-01-09T00:00:00Z,3568,4,
729,30,1,2,2025-01-10T00:00:00Z,9536,5,210
730,31,2,3,2025-01-11T00:00:00Z,648,1,119
731,32,3,4,2025-01-12T00:00:00Z,3520,2,380
732,33,1,1,2025-01-13T00:00:00Z,9914,3,
733,34,2,2,2025-01-14T00:00:00Z,5508,4,496
734,35,3,3,2025-01-15T00:00:00Z,935,5,106
735,36,1,4,2025-01-16T00:00:00Z,7020,1,458
736,37,2,1,2025-01-17T00:00:00Z,8016,2,
737,38,3,2,2025-01-18T00:00:00Z,8965,3,116
738,39,1,3,2025-01-19T00:00:00Z,6522,4,483
739,40,2,4,2025-01-20T00:00:00Z,4033,5,357
740,41,3,1,2025-01-21T00:00:00Z,460,1,
741,42,1,2,2025-01-22T00:00:00Z,2987,2,54
742,43,2,3,2025-01-23T00:00:00Z,1265,3,413
743,44,3,4,2025-01-24T00:00:00Z,6318,4,81
744,45,1,1,2025-01-25T00:00:00Z,4677,5,
745,46,2,2,2025-01-26T00:00:00Z,8287,1,75
746,47,3,3,2025-01-27T00:00:00Z,3848,2,243
747,48,1,4,2025-01-28T00:00:00Z,2453,3,273
748,49,2,1,2025-01-29T00:00:00Z,8378,4,
749,50,3,2,2025-01-30T00:00:00Z,3431,5,183
750,1,1,3,2025-01-31T00:00:00Z,4526,1,261
751,2,2,4,2025-02-01T00:00:00Z,9092,2,64
752,3,3,1,2025-02-02T00:00:00Z,3020,3,
753,4,1,2,2025-02-03T00:00:00Z,3983,4,113
754,5,2,3,2025-02-04T00:00:00Z,5612,5,80
755,6,3,4,2025-02-05T00:00:00Z,2851,1,161
756,7,1,1,2025-02-06T00:00:00Z,7491,2,
757,8,2,2,2025-02-07T00:00:00Z,3621,3,496
758,9,3,3,2025-02-08T00:00:00Z,8693,4,59
759,10,1,4,2025-02-09T00:00:00Z,5435,5,239
760,11,2,1,2025-02-10T00:00:00Z,7774,1,
761,12,3,2,2025-02-11T00:00:00Z,453,2,108
762,13,1,3,2025-02-12T00:00:00Z,6888,3,94
763,14,2,4,2025-02-13T00:00:00Z,8893,4,191
764,15,3,1,2025-02-14T00:00:00Z,322,5,
765,16,1,2,2025-02-15T00:00:00Z,2363,1,314
766,17,2,3,2025-02-16T00:00:00Z,411,2,27
767,18,3,4,2025-02-17T00:00:00Z,2754,3,131
768,19,1,1,2025-02-18T00:00:00Z,4130,4,
769,20,2,2,2025-02-19T00:00:00Z,1337,5,382
770,21,3,3,2025-02-20T00:00:00Z,2685,1,397
771,22,1,4,2025-02-21T00:00:00Z,9193,2,301
772,23,2,1,2025-02-22T00:00:00Z,4396,3,
773,24,3,2,2025-02-23T00:00:00Z,3737,4,219
774,25,1,3,2025-02-24T00:00:00Z,5729,5,492
775,26,2,4,2025-02-25T00:00:00Z,1442,1,172
776,27,3,1,2025-02-26T00:00:00Z,9282,2,
777,28,1,2,2025-02-27T00:00:00Z,6743,3,425
778,29,2,3,2025-02-28T00:00:00Z,2588,4,144
779,30,3,4,2025-03-01T00:00:00Z,7382,5,266
780,31,1,1,2025-03-02T00:00:00Z,5137,1,
781,32,2,2,2025-03-03T00:00:00Z,2491,2,410
782,33,3,3,2025-03-04T00:00:00Z,5387,3,77
783,34,1,4,2025-03-05T00:00:00Z,7338,4,170
784,35,2,1,2025-03-06T00:00:00Z,4334,5,
785,36,3,2,2025-03-07T00:00:00Z,4841,1,404
786,37,1,3,2025-03-08T00:00:00Z,5539,2,207
787,38,2,4,2025-03-09T00:00:00Z,766,3,14
788,39,3,1,2025-03-10T00:00:00Z,1537,4,
789,40,1,2,2025-03-11T00:00:00Z,9110,5,236
790,41,2,3,2025-03-12T00:00:00Z,5392,1,454
791,42,3,4,2025-03-13T00:00:00Z,8949,2,178
792,43,1,1,2025-03-14T00:00:00Z,292,3,
793,44,2,2,2025-03-15T00:00:00Z,3415,4,18
794,45,3,3,2025-03-16T00:00:00Z,1088,5,284
795,46,1,4,2025-03-17T00:00:00Z,2243,1,144
796,47,2,1,2025-03-18T00:00:00Z,5068,2,
797,48,3,2,2025-03-19T00:00:00Z,3627,3,281
798,49,1,3,2025-03-20T00:00:00Z,5488,4,260
799,50,2,4,2025-03-21T00:00:00Z,730,5,471
800,1,3,1,2025-03-22T00:00:00Z,2692,1,
801,2,1,2,2025-03-23T00:00:00Z,4954,2,298
802,3,2,3,2025-03-24T00:00:00Z,2249,3,205
803,4,3,4,2025-03-25T00:00:00Z,4027,4,492
804,5,1,1,2025-03-26T00:00:00Z,7726,5,
805,6,2,2,2025-03-27T00:00:00Z,4981,1,292
806,7,3,3,2025-03-28T00:00:00Z,1376,2,32
807,8,1,4,2025-03-29T00:00:00Z,7936,3,236
808,9,2,1,2025-03-30T00:00:00Z,5816,4,
809,10,3,2,2025-03-31T00:00:00Z,7429,5,302
810,11,1,3,2025-01-01T00:00:00Z,2998,1,45
811,12,2,4,2025-01-02T00:00:00Z,5424,2,308
812,13,3,1,2025-01-03T00:00:00Z,8027,3,
813,14,1,2,2025-01-04T00:00:00Z,431,4,406
814,15,2,3,2025-01-05T00:00:00Z,6423,5,53
815,16,3,4,2025-01-06T00:00:00Z,8808,1,486
816,17,1,1,2025-01-07T00:00:00Z,9885,2,
817,18,2,2,2025-01-08T00:00:00Z,8685,3,250
818,19,3,3,2025-01-09T00:00:00Z,6680,4,283
819,20,1,4,2025-01-10T00:00:00Z,5992,5,187
820,21,2,1,2025-01-11T00:00:00Z,3144,1,
821,22,3,2,2025-01-12T00:00:00Z,8593,2,264
822,23,1,3,2025-01-13T00:00:00Z,6798,3,200
823,24,2,4,2025-01-14T00:00:00Z,9207,4,83
824,25,3,1,2025-01-15T00:00:00Z,3868,5,
825,26,1,2,2025-01-16T00:00:00Z,8094,1,285
826,27,2,3,2025-01-17T00:00:00Z,1452,2,479
827,28,3,4,2025-01-18T00:00:00Z,8701,3,399
828,29,1,1,2025-01-19T00:00:00Z,4324,4,
829,30,2,2,2025-01-20T00:00:00Z,1001,5,85
830,31,3,3,2025-01-21T00:00:00Z,3172,1,58
831,32,1,4,2025-01-22T00:00:00Z,7515,2,451
832,33,2,1,2025-01-23T00:00:00Z,5818,3,
833,34,3,2,2025-01-24T00:00:00Z,4725,4,103
834,35,1,3,2025-01-25T00:00:00Z,3919,5,139
835,36,2,4,2025-01-26T00:00:00Z,4790,1,223
836,37,3,1,2025-01-27T00:00:00Z,601,2,
837,38,1,2,2025-01-28T00:00:00Z,1797,3,251
838,39,2,3,2025-01-29T00:00:00Z,3597,4,328
839,40,3,4,2025-01-30T00:00:00Z,9800,5,134
840,41,1,1,2025-01-31T00:00:00Z,1359,1,
841,42,2,2,2025-02-01T00:00:00Z,5199,2,226
842,43,3,3,2025-02-02T00:00:00Z,4565,3,179
843,44,1,4,2025-02-03T00:00:00Z,1788,4,469
844,45,2,1,2025-02-04T00:00:00Z,9904,5,
845,46,3,2,2025-02-05T00:00:00Z,6799,1,222
846,47,1,3,2025-02-06T00:00:00Z,5189,2,486
847,48,2,4,2025-02-07T00:00:00Z,1336,3,156
848,49,3,1,2025-02-08T00:00:00Z,9647,4,
849,50,1,2,2025-02-09T00:00:00Z,2470,5,287
850,1,2,3,2025-02-10T00:00:00Z,1438,1,41
851,2,3,4,2025-02-11T00:00:00Z,5556,2,350
852,3,1,1,2025-02-12T00:00:00Z,1305,3,
853,4,2,2,2025-02-13T00:00:00Z,9916,4,65
854,5,3,3,2025-02-14T00:00:00Z,4430,5,55
855,6,1,4,2025-02-15T00:00:00Z,6429,1,370
856,7,2,1,2025-02-16T00:00:00Z,4622,2,
857,8,3,2,2025-02-17T00:00:00Z,5462,3,201
858,9,1,3,2025-02-18T00:00:00Z,932,4,198
859,10,2,4,2025-02-19T00:00:00Z,2433,5,440
860,11,3,1,2025-02-20T00:00:00Z,4419,1,
861,12,1,2,2025-02-21T00:00:00Z,3302,2,131
862,13,2,3,2025-02-22T00:00:00Z,966,3,219
863,14,3,4,2025-02-23T00:00:00Z,3404,4,55
864,15,1,1,2025-02-24T00:00:00Z,4434,5,
865,16,2,2,2025-02-25T00:00:00Z,3207,1,345
866,17,3,3,2025-02-26T00:00:00Z,2359,2,359
867,18,1,4,2025-02-27T00:00:00Z,101,3,101
868,19,2,1,2025-02-28T00:00:00Z,2414,4,
869,20,3,2,2025-03-01T00:00:00Z,518,5,33
870,21,1,3,2025-03-02T00:00:00Z,7734,1,486
871,22,2,4,2025-03-03T00:00:00Z,3717,2,287
872,23,3,1,2025-03-04T00:00:00Z,6103,3,
873,24,1,2,2025-03-05T00:00:00Z,895,4,101
874,25,2,3,2025-03-06T00:00:00Z,8040,5,359
875,26,3,4,2025-03-07T00:00:00Z,3346,1,46
876,27,1,1,2025-03-08T00:00:00Z,699,2,
877,28,2,2,2025-03-09T00:00:00Z,6722,3,202
878,29,3,3,2025-03-10T00:00:00Z,4129,4,230
879,30,1,4,2025-03-11T00:00:00Z,5508,5,35
880,31,2,1,2025-03-12T00:00:00Z,6684,1,
881,32,3,2,2025-03-13T00:00:00Z,8999,2,121
882,33,1,3,2025-03-14T00:00:00Z,5051,3,434
883,34,2,4,2025-03-15T00:00:00Z,3839,4,181
884,35,3,1,2025-03-16T00:00:00Z,7077,5,
885,36,1,2,2025-03-17T00:00:00Z,1205,1,315
886,37,2,3,2025-03-18T00:00:00Z,3318,2,344
887,38,3,4,2025-03-19T00:00:00Z,7824,3,122
888,39,1,1,2025-03-20T00:00:00Z,5178,4,
889,40,2,2,2025-03-21T00:00:00Z,7583,5,328
890,41,3,3,2025-03-22T00:00:00Z,9903,1,165
891,42,1,4,2025-03-23T00:00:00Z,719,2,127
892,43,2,1,2025-03-24T00:00:00Z,452,3,
893,44,3,2,2025-03-25T00:00:00Z,5797,4,89
894,45,1,3,2025-03-26T00:00:00Z,4913,5,11
895,46,2,4,2025-03-27T00:00:00Z,4885,1,424
896,47,3,1,2025-03-28T00:00:00Z,7645,2,
897,48,1,2,2025-03-29T00:00:00Z,2384,3,147
898,49,2,3,2025-03-30T00:00:00Z,3845,4,451
899,50,3,4,2025-03-31T00:00:00Z,4183,5,370
900,1,1,1,2025-01-01T00:00:00Z,9081,1,
901,2,2,2,2025-01-02T00:00:00Z,4299,2,69
902,3,3,3,2025-01-03T00:00:00Z,6793,3,244
903,4,1,4,2025-01-04T00:00:00Z,1958,4,466
904,5,2,1,2025-01-05T00:00:00Z,7642,5,
905,6,3,2,2025-01-06T00:00:00Z,9654,1,25
906,7,1,3,2025-01-07T00:00:00Z,2328,2,51
907,8,2,4,2025-01-08T00:00:00Z,7257,3,35
908,9,3,1,2025-01-09T00:00:00Z,9850,4,
909,10,1,2,2025-01-10T00:00:00Z,4597,5,326
910,11,2,3,2025-01-11T00:00:00Z,4890,1,70
911,12,3,4,2025-01-12T00:00:00Z,2214,2,84
912,13,1,1,2025-01-13T00:00:00Z,9025,3,
913,14,2,2,2025-01-14T00:00:00Z,7129,4,179
914,15,3,3,2025-01-15T00:00:00Z,6308,5,308
915,16,1,4,2025-01-16T00:00:00Z,6336,1,51
916,17,2,1,2025-01-17T00:00:00Z,204,2,
917,18,3,2,2025-01-18T00:00:00Z,452,3,39
918,19,1,3,2025-01-19T00:00:00Z,5928,4,110
919,20,2,4,2025-01-20T00:00:00Z,3554,5,103
920,21,3,1,2025-01-21T00:00:00Z,2405,1,
921,22,1,2,2025-01-22T00:00:00Z,8379,2,462
922,23,2,3,2025-01-23T00:00:00Z,870,3,24
923,24,3,4,2025-01-24T00:00:00Z,2754,4,138
924,25,1,1,2025-01-25T00:00:00Z,6626,5,
925,26,2,2,2025-01-26T00:00:00Z,8858,1,273
926,27,3,3,2025-01-27T00:00:00Z,9876,2,469
927,28,1,4,2025-01-28T00:00:00Z,4950,3,131
928,29,2,1,2025-01-29T00:00:00Z,3589,4,
929,30,3,2,2025-01-30T00:00:00Z,4986,5,269
930,31,1,3,2025-01-31T00:00:00Z,8025,1,70
931,32,2,4,2025-02-01T00:00:00Z,879,2,272
932,33,3,1,2025-02-02T00:00:00Z,422,3,
933,34,1,2,2025-02-03T00:00:00Z,7534,4,382
934,35,2,3,2025-02-04T00:00:00Z,4926,5,119
935,36,3,4,2025-02-05T00:00:00Z,9903,1,182
936,37,1,1,2025-02-06T00:00:00Z,1777,2,
937,38,2,2,2025-02-07T00:00:00Z,3849,3,213
938,39,3,3,2025-02-08T00:00:00Z,3234,4,284
939,40,1,4,2025-02-09T00:00:00Z,9725,5,41
940,41,2,1,2025-02-10T00:00:00Z,4870,1,
941,42,3,2,2025-02-11T00:00:00Z,9141,2,375
942,43,1,3,2025-02-12T00:00:00Z,7831,3,58
943,44,2,4,2025-02-13T00:00:00Z,6912,4,446
944,45,3,1,2025-02-14T00:00:00Z,6510,5,
945,46,1,2,2025-02-15T00:00:00Z,8364,1,438
946,47,2,3,2025-02-16T00:00:00Z,9613,2,70
947,48,3,4,2025-02-17T00:00:00Z,6164,3,407
948,49,1,1,2025-02-18T00:00:00Z,1664,4,
949,50,2,2,2025-02-19T00:00:00Z,1462,5,70
950,1,3,3,2025-02-20T00:00:00Z,2445,1,59
951,2,1,4,2025-02-21T00:00:00Z,9486,2,363
952,3,2,1,2025-02-22T00:00:00Z,689,3,
953,4,3,2,2025-02-23T00:00:00Z,9127,4,220
954,5,1,3,2025-02-24T00:00:00Z,2051,5,327
955,6,2,4,2025-02-25T00:00:00Z,6778,1,488
956,7,3,1,2025-02-26T00:00:00Z,4494,2,
957,8,1,2,2025-02-27T00:00:00Z,5140,3,35
958,9,2,3,2025-02-28T00:00:00Z,4251,4,208
959,10,3,4,2025-03-01T00:00:00Z,9905,5,75
960,11,1,1,2025-03-02T00:00:00Z,5958,1,
961,12,2,2,2025-03-03T00:00:00Z,2254,2,348
962,13,3,3,2025-03-04T00:00:00Z,7723,3,458
963,14,1,4,2025-03-05T00:00:00Z,4133,4,497
964,15,2,1,2025-03-06T00:00:00Z,8756,5,
965,16,3,2,2025-03-07T00:00:00Z,3779,1,156
966,17,1,3,2025-03-08T00:00:00Z,3874,2,73
967,18,2,4,2025-03-09T00:00:00Z,4787,3,209
968,19,3,1,2025-03-10T00:00:00Z,4837,4,
969,20,1,2,2025-03-11T00:00:00Z,3685,5,28
970,21,2,3,2025-03-12T00:00:00Z,6225,1,443
971,22,3,4,2025-03-13T00:00:00Z,4959,2,343
972,23,1,1,2025-03-14T00:00:00Z,5644,3,
973,24,2,2,2025-03-15T00:00:00Z,4248,4,381
974,25,3,3,2025-03-16T00:00:00Z,5466,5,107
975,26,1,4,2025-03-17T00:00:00Z,9397,1,43
976,27,2,1,2025-03-18T00:00:00Z,2455,2,
977,28,3,2,2025-03-19T00:00:00Z,8648,3,56
978,29,1,3,2025-03-20T00:00:00Z,7179,4,417
979,30,2,4,2025-03-21T00:00:00Z,5057,5,465
980,31,3,1,2025-03-22T00:00:00Z,605,1,
981,32,1,2,2025-03-23T00:00:00Z,5350,2,123
982,33,2,3,2025-03-24T00:00:00Z,9744,3,167
983,34,3,4,2025-03-25T00:00:00Z,288,4,226
984,35,1,1,2025-03-26T00:00:00Z,492,5,
985,36,2,2,2025-03-27T00:00:00Z,9026,1,306
986,37,3,3,2025-03-28T00:00:00Z,1340,2,28
987,38,1,4,2025-03-29T00:00:00Z,225,3,41
988,39,2,1,2025-03-30T00:00:00Z,3992,4,
989,40,3,2,2025-03-31T00:00:00Z,5454,5,58
990,41,1,3,2025-01-01T00:00:00Z,9634,1,211
991,42,2,4,2025-01-02T00:00:00Z,8911,2,76
992,43,3,1,2025-01-03T00:00:00Z,4206,3,
993,44,1,2,2025-01-04T00:00:00Z,6324,4,420
994,45,2,3,2025-01-05T00:00:00Z,1598,5,143
995,46,3,4,2025-01-06T00:00:00Z,968,1,299
996,47,1,1,2025-01-07T00:00:00Z,2097,2,
997,48,2,2,2025-01-08T00:00:00Z,8013,3,162
998,49,3,3,2025-01-09T00:00:00Z,1870,4,12
999,50,1,4,2025-01-10T00:00:00Z,6403,5,232
1000,1,2,1,2025-01-11T00:00:00Z,6849,1,
1,2,2,2,2025-01-02T00:00:00Z,9308,2,379
2,3,3,3,2025-01-03T00:00:00Z,5777,3,350
3,4,1,4,2025-01-04T00:00:00Z,7144,4,220
4,5,2,1,2025-01-05T00:00:00Z,9347,5,
5,6,3,2,2025-01-06T00:00:00Z,7090,1,278
6,7,1,3,2025-01-07T00:00:00Z,5613,2,195
7,8,2,4,2025-01-08T00:00:00Z,889,3,56
8,9,3,1,2025-01-09T00:00:00Z,3917,4,
9,10,1,2,2025-01-10T00:00:00Z,9295,5,250
10,11,2,3,2025-01-11T00:00:00Z,9929,1,172
11,12,3,4,2025-01-12T00:00:00Z,4768,2,345
12,13,1,1,2025-01-13T00:00:00Z,9301,3,
13,14,2,2,2025-01-14T00:00:00Z,6391,4,201
14,15,3,3,2025-01-15T00:00:00Z,3801,5,288
15,16,1,4,2025-01-16T00:00:00Z,4035,1,259
16,17,2,1,2025-01-17T00:00:00Z,8359,2,
17,18,3,2,2025-01-18T00:00:00Z,443,3,252
18,19,1,3,2025-01-19T00:00:00Z,7838,4,497
19,20,2,4,2025-01-20T00:00:00Z,5880,5,32
20,21,3,1,2025-01-21T00:00:00Z,9369,1,
21,22,1,2,2025-01-22T00:00:00Z,8481,2,169
22,23,2,3,2025-01-23T00:00:00Z,6756,3,463
23,24,3,4,2025-01-24T00:00:00Z,3544,4,125
24,25,1,1,2025-01-25T00:00:00Z,8397,5,
25,26,2,2,2025-01-26T00:00:00Z,6485,1,389
26,27,3,3,2025-01-27T00:00:00Z,6143,2,265
27,28,1,4,2025-01-28T00:00:00Z,6373,3,248
28,29,2,1,2025-01-29T00:00:00Z,5204,4,
29,30,3,2,2025-01-30T00:00:00Z,1929,5,406
30,31,1,3,2025-01-31T00:00:00Z,8821,1,123
31,32,2,4,2025-02-01T00:00:00Z,6195,2,405
32,33,3,1,2025-02-02T00:00:00Z,5031,3,
33,34,1,2,2025-02-03T00:00:00Z,1587,4,50
34,35,2,3,2025-02-04T00:00:00Z,5333,5,376
35,36,3,4,2025-02-05T00:00:00Z,9230,1,361
36,37,1,1,2025-02-06T00:00:00Z,7034,2,
37,38,2,2,2025-02-07T00:00:00Z,1398,3,305
38,39,3,3,2025-02-08T00:00:00Z,3215,4,464
39,40,1,4,2025-02-09T00:00:00Z,4243,5,38
40,41,2,1,2025-02-10T00:00:00Z,8557,1,
41,42,3,2,2025-02-11T00:00:00Z,8383,2,121
42,43,1,3,2025-02-12T00:00:00Z,1779,3,67
43,44,2,4,2025-02-13T00:00:00Z,4629,4,275
44,45,3,1,2025-02-14T00:00:00Z,1644,5,
45,46,1,2,2025-02-15T00:00:00Z,337,1,431
46,47,2,3,2025-02-16T00:00:00Z,928,2,295
47,48,3,4,2025-02-17T00:00:00Z,3224,3,360
48,49,1,1,2025-02-18T00:00:00Z,2731,4,
49,50,2,2,2025-02-19T00:00:00Z,1176,5,298
50,1,3,3,2025-02-20T00:00:00Z,4975,1,370
51,2,1,4,2025-02-21T00:00:00Z,1355,2,238
52,3,2,1,2025-02-22T00:00:00Z,5968,3,
53,4,3,2,2025-02-23T00:00:00Z,2548,4,200
54,5,1,3,2025-02-24T00:00:00Z,6296,5,245
55,6,2,4,2025-02-25T00:00:00Z,8377,1,85
56,7,3,1,2025-02-26T00:00:00Z,5755,2,
57,8,1,2,2025-02-27T00:00:00Z,1995,3,337
58,9,2,3,2025-02-28T00:00:00Z,3810,4,240
59,10,3,4,2025-03-01T00:00:00Z,7148,5,346
60,11,1,1,2025-03-02T00:00:00Z,3082,1,
61,12,2,2,2025-03-03T00:00:00Z,2725,2,216
62,13,3,3,2025-03-04T00:00:00Z,3933,3,323
63,14,1,4,2025-03-05T00:00:00Z,6694,4,295
64,15,2,1,2025-03-06T00:00:00Z,7351,5,
65,16,3,2,2025-03-07T00:00:00Z,4029,1,129
66,17,1,3,2025-03-08T00:00:00Z,218,2,25
67,18,2,4,2025-03-09T00:00:00Z,3112,3,104
68,19,3,1,2025-03-10T00:00:00Z,8665,4,
69,20,1,2,2025-03-11T00:00:00Z,7317,5,392
70,21,2,3,2025-03-12T00:00:00Z,5239,1,336
71,22,3,4,2025-03-13T00:00:00Z,4513,2,245
72,23,1,1,2025-03-14T00:00:00Z,3225,3,
73,24,2,2,2025-03-15T00:00:00Z,721,4,168
74,25,3,3,2025-03-16T00:00:00Z,6908,5,328
75,26,1,4,2025-03-17T00:00:00Z,2161,1,270
76,27,2,1,2025-03-18T00:00:00Z,4992,2,
77,28,3,2,2025-03-19T00:00:00Z,5753,3,387
78,29,1,3,2025-03-20T00:00:00Z,8846,4,295
79,30,2,4,2025-03-21T00:00:00Z,1446,5,330
80,31,3,1,2025-03-22T00:00:00Z,7507,1,
81,32,1,2,2025-03-23T00:00:00Z,2621,2,46
82,33,2,3,2025-03-24T00:00:00Z,4717,3,267
83,34,3,4,2025-03-25T00:00:00Z,7116,4,306
84,35,1,1,2025-03-26T00:00:00Z,2854,5,
85,36,2,2,2025-03-27T00:00:00Z,6952,1,411
86,37,3,3,2025-03-28T00:00:00Z,3507,2,287
87,38,1,4,2025-03-29T00:00:00Z,9330,3,54
88,39,2,1,2025-03-30T00:00:00Z,8585,4,
89,40,3,2,2025-03-31T00:00:00Z,1230,5,429
90,41,1,3,2025-01-01T00:00:00Z,7881,1,390
91,42,2,4,2025-01-02T00:00:00Z,175,2,495
92,43,3,1,2025-01-03T00:00:00Z,9148,3,
93,44,1,2,2025-01-04T00:00:00Z,6327,4,460
94,45,2,3,2025-01-05T00:00:00Z,1424,5,126
95,46,3,4,2025-01-06T00:00:00Z,3570,1,312
96,47,1,1,2025-01-07T00:00:00Z,9778,2,
97,48,2,2,2025-01-08T00:00:00Z,3859,3,336
98,49,3,3,2025-01-09T00:00:00Z,7814,4,284
99,50,1,4,2025-01-10T00:00:00Z,2742,5,172
100,1,2,1,2025-01-11T00:00:00Z,2601,1,
101,2,3,2,2025-01-12T00:00:00Z,4934,2,71
102,3,1,3,2025-01-13T00:00:00Z,9445,3,78
103,4,2,4,2025-01-14T00:00:00Z,3057,4,333
104,5,3,1,2025-01-15T00:00:00Z,6315,5,
105,6,1,2,2025-01-16T00:00:00Z,2622,1,391
106,7,2,3,2025-01-17T00:00:00Z,5108,2,168
107,8,3,4,2025-01-18T00:00:00Z,3917,3,147
108,9,1,1,2025-01-19T00:00:00Z,3522,4,
109,10,2,2,2025-01-20T00:00:00Z,7786,5,437
110,11,3,3,2025-01-21T00:00:00Z,4997,1,385
111,12,1,4,2025-01-22T00:00:00Z,5751,2,442
112,13,2,1,2025-01-23T00:00:00Z,4969,3,
113,14,3,2,2025-01-24T00:00:00Z,4303,4,50
114,15,1,3,2025-01-25T00:00:00Z,5062,5,53
115,16,2,4,2025-01-26T00:00:00Z,2768,1,38
116,17,3,1,2025-01-27T00:00:00Z,2586,2,
117,18,1,2,2025-01-28T00:00:00Z,946,3,341
118,19,2,3,2025-01-29T00:00:00Z,8194,4,216
119,20,3,4,2025-01-30T00:00:00Z,2219,5,402
120,21,1,1,2025-01-31T00:00:00Z,2596,1,
121,22,2,2,2025-02-01T00:00:00Z,1620,2,228
122,23,3,3,2025-02-02T00:00:00Z,4083,3,139
123,24,1,4,2025-02-03T00:00:00Z,7692,4,216
124,25,2,1,2025-02-04T00:00:00Z,9517,5,
125,26,3,2,2025-02-05T00:00:00Z,3105,1,213
126,27,1,3,2025-02-06T00:00:00Z,5870,2,72
127,28,2,4,2025-02-07T00:00:00Z,4933,3,241
128,29,3,1,2025-02-08T00:00:00Z,1531,4,
129,30,1,2,2025-02-09T00:00:00Z,2433,5,334
130,31,2,3,2025-02-10T00:00:00Z,602,1,349
131,32,3,4,2025-02-11T00:00:00Z,4197,2,379
132,33,1,1,2025-02-12T00:00:00Z,5809,3,
133,34,2,2,2025-02-13T00:00:00Z,3993,4,11
134,35,3,3,2025-02-14T00:00:00Z,3951,5,198
135,36,1,4,2025-02-15T00:00:00Z,3422,1,228
136,37,2,1,2025-02-16T00:00:00Z,6786,2,
137,38,3,2,2025-02-17T00:00:00Z,9921,3,160
138,39,1,3,2025-02-18T00:00:00Z,5787,4,274
139,40,2,4,2025-02-19T00:00:00Z,7287,5,377
140,41,3,1,2025-02-20T00:00:00Z,482,1,
141,42,1,2,2025-02-21T00:00:00Z,6429,2,458
142,43,2,3,2025-02-22T00:00:00Z,7190,3,438
143,44,3,4,2025-02-23T00:00:00Z,3028,4,47
144,45,1,1,2025-02-24T00:00:00Z,5559,5,
145,46,2,2,2025-02-25T00:00:00Z,5748,1,487
146,47,3,3,2025-02-26T00:00:00Z,2406,2,258
147,48,1,4,2025-02-27T00:00:00Z,7213,3,158
148,49,2,1,2025-02-28T00:00:00Z,7792,4,
149,50,3,2,2025-03-01T00:00:00Z,986,5,290
150,1,1,3,2025-03-02T00:00:00Z,9973,1,308
151,2,2,4,2025-03-03T00:00:00Z,8042,2,324
152,3,3,1,2025-03-04T00:00:00Z,5423,3,
153,4,1,2,2025-03-05T00:00:00Z,7836,4,425
154,5,2,3,2025-03-06T00:00:00Z,9382,5,382
155,6,3,4,2025-03-07T00:00:00Z,7294,1,268
156,7,1,1,2025-03-08T00:00:00Z,8442,2,
157,8,2,2,2025-03-09T00:00:00Z,1483,3,172
158,9,3,3,2025-03-10T00:00:00Z,1738,4,72
159,10,1,4,2025-03-11T00:00:00Z,3928,5,432
160,11,2,1,2025-03-12T00:00:00Z,1188,1,
161,12,3,2,2025-03-13T00:00:00Z,9572,2,71
162,13,1,3,2025-03-14T00:00:00Z,2505,3,492
163,14,2,4,2025-03-15T00:00:00Z,7299,4,407
164,15,3,1,2025-03-16T00:00:00Z,8994,5,
165,16,1,2,2025-03-17T00:00:00Z,7225,1,349
166,17,2,3,2025-03-18T00:00:00Z,1696,2,218
167,18,3,4,2025-03-19T00:00:00Z,266,3,340
168,19,1,1,2025-03-20T00:00:00Z,6034,4,
169,20,2,2,2025-03-21T00:00:00Z,1180,5,116
170,21,3,3,2025-03-22T00:00:00Z,860,1,259
171,22,1,4,2025-03-23T00:00:00Z,5998,2,488
172,23,2,1,2025-03-24T00:00:00Z,4043,3,
173,24,3,2,2025-03-25T00:00:00Z,6447,4,128
174,25,1,3,2025-03-26T00:00:00Z,7197,5,223
175,26,2,4,2025-03-27T00:00:00Z,4114,1,361
176,27,3,1,2025-03-28T00:00:00Z,7010,2,
177,28,1,2,2025-03-29T00:00:00Z,3664,3,56
178,29,2,3,2025-03-30T00:00:00Z,6189,4,341
179,30,3,4,2025-03-31T00:00:00Z,4329,5,20
180,31,1,1,2025-01-01T00:00:00Z,831,1,
181,32,2,2,2025-01-02T00:00:00Z,3056,2,405
182,33,3,3,2025-01-03T00:00:00Z,5107,3,266
183,34,1,4,2025-01-04T00:00:00Z,3386,4,352
184,35,2,1,2025-01-05T00:00:00Z,2144,5,
185,36,3,2,2025-01-06T00:00:00Z,8659,1,309
186,37,1,3,2025-01-07T00:00:00Z,3648,2,420
187,38,2,4,2025-01-08T00:00:00Z,7438,3,461
188,39,3,1,2025-01-09T00:00:00Z,6506,4,
189,40,1,2,2025-01-10T00:00:00Z,9274,5,79
190,41,2,3,2025-01-11T00:00:00Z,5305,1,24
191,42,3,4,2025-01-12T00:00:00Z,1115,2,415
192,43,1,1,2025-01-13T00:00:00Z,3984,3,
193,44,2,2,2025-01-14T00:00:00Z,5356,4,480
194,45,3,3,2025-01-15T00:00:00Z,6855,5,53
195,46,1,4,2025-01-16T00:00:00Z,9042,1,262
196,47,2,1,2025-01-17T00:00:00Z,4011,2,
197,48,3,2,2025-01-18T00:00:00Z,1268,3,99
198,49,1,3,2025-01-19T00:00:00Z,5039,4,165
199,50,2,4,2025-01-20T00:00:00Z,4847,5,62
200,1,3,1,2025-01-21T00:00:00Z,6347,1,
201,2,1,2,2025-01-22T00:00:00Z,5520,2,390
202,3,2,3,2025-01-23T00:00:00Z,7166,3,236
203,4,3,4,2025-01-24T00:00:00Z,5905,4,381
204,5,1,1,2025-01-25T00:00:00Z,4821,5,
205,6,2,2,2025-01-26T00:00:00Z,9832,1,322
206,7,3,3,2025-01-27T00:00:00Z,917,2,173
207,8,1,4,2025-01-28T00:00:00Z,8600,3,120
208,9,2,1,2025-01-29T00:00:00Z,3939,4,
209,10,3,2,2025-01-30T00:00:00Z,2041,5,226
210,11,1,3,2025-01-31T00:00:00Z,769,1,479
211,12,2,4,2025-02-01T00:00:00Z,9799,2,380
212,13,3,1,2025-02-02T00:00:00Z,3919,3,
213,14,1,2,2025-02-03T00:00:00Z,7130,4,19
214,15,2,3,2025-02-04T00:00:00Z,9178,5,230
215,16,3,4,2025-02-05T00:00:00Z,8811,1,356
216,17,1,1,2025-02-06T00:00:00Z,1881,2,
217,18,2,2,2025-02-07T00:00:00Z,988,3,237
218,19,3,3,2025-02-08T00:00:00Z,4721,4,151
219,20,1,4,2025-02-09T00:00:00Z,6981,5,187
220,21,2,1,2025-02-10T00:00:00Z,3931,1,
221,22,3,2,2025-02-11T00:00:00Z,7308,2,148
222,23,1,3,2025-02-12T00:00:00Z,5095,3,52
223,24,2,4,2025-02-13T00:00:00Z,4684,4,243
224,25,3,1,2025-02-14T00:00:00Z,8644,5,
225,26,1,2,2025-02-15T00:00:00Z,8202,1,454
226,27,2,3,2025-02-16T00:00:00Z,4802,2,59
227,28,3,4,2025-02-17T00:00:00Z,9557,3,237
228,29,1,1,2025-02-18T00:00:00Z,853,4,
229,30,2,2,2025-02-19T00:00:00Z,1691,5,135
230,31,3,3,2025-02-20T00:00:00Z,7041,1,103
231,32,1,4,2025-02-21T00:00:00Z,1331,2,279
232,33,2,1,2025-02-22T00:00:00Z,9975,3,
233,34,3,2,2025-02-23T00:00:00Z,6590,4,215
234,35,1,3,2025-02-24T00:00:00Z,6438,5,341
235,36,2,4,2025-02-25T00:00:00Z,2279,1,472
236,37,3,1,2025-02-26T00:00:00Z,2790,2,
237,38,1,2,2025-02-27T00:00:00Z,3380,3,227
238,39,2,3,2025-02-28T00:00:00Z,7219,4,297
239,40,3,4,2025-03-01T00:00:00Z,5110,5,447
240,41,1,1,2025-03-02T00:00:00Z,2888,1,
241,42,2,2,2025-03-03T00:00:00Z,9058,2,276
242,43,3,3,2025-03-04T00:00:00Z,8228,3,401
243,44,1,4,2025-03-05T00:00:00Z,6655,4,432
244,45,2,1,2025-03-06T00:00:00Z,8113,5,
245,46,3,2,2025-03-07T00:00:00Z,9746,1,196
246,47,1,3,2025-03-08T00:00:00Z,5308,2,30
247,48,2,4,2025-03-09T00:00:00Z,9608,3,442
248,49,3,1,2025-03-10T00:00:00Z,2864,4,
249,50,1,2,2025-03-11T00:00:00Z,5920,5,17
250,1,2,3,2025-03-12T00:00:00Z,2933,1,182
251,2,3,4,2025-03-13T00:00:00Z,7821,2,23
252,3,1,1,2025-03-14T00:00:00Z,4101,3,
253,4,2,2,2025-03-15T00:00:00Z,5075,4,230
254,5,3,3,2025-03-16T00:00:00Z,3636,5,399
255,6,1,4,2025-03-17T00:00:00Z,9189,1,295
256,7,2,1,2025-03-18T00:00:00Z,4110,2,
257,8,3,2,2025-03-19T00:00:00Z,4179,3,190
258,9,1,3,2025-03-20T00:00:00Z,3871,4,431
259,10,2,4,2025-03-21T00:00:00Z,149,5,450
260,11,3,1,2025-03-22T00:00:00Z,9592,1,
261,12,1,2,2025-03-23T00:00:00Z,9180,2,285
262,13,2,3,2025-03-24T00:00:00Z,9989,3,58
263,14,3,4,2025-03-25T00:00:00Z,9283,4,267
264,15,1,1,2025-03-26T00:00:00Z,6993,5,
265,16,2,2,2025-03-27T00:00:00Z,3857,1,265
266,17,3,3,2025-03-28T00:00:00Z,9558,2,406
267,18,1,4,2025-03-29T00:00:00Z,9588,3,283
268,19,2,1,2025-03-30T00:00:00Z,6852,4,
269,20,3,2,2025-03-31T00:00:00Z,2309,5,376
270,21,1,3,2025-01-01T00:00:00Z,9909,1,14
271,22,2,4,2025-01-02T00:00:00Z,3471,2,323
272,23,3,1,2025-01-03T00:00:00Z,7022,3,
273,24,1,2,2025-01-04T00:00:00Z,4658,4,208
274,25,2,3,2025-01-05T00:00:00Z,2111,5,46
275,26,3,4,2025-01-06T00:00:00Z,2357,1,103
276,27,1,1,2025-01-07T00:00:00Z,8361,2,
277,28,2,2,2025-01-08T00:00:00Z,3906,3,217
278,29,3,3,2025-01-09T00:00:00Z,9995,4,440
279,30,1,4,2025-01-10T00:00:00Z,4485,5,146
280,31,2,1,2025-01-11T00:00:00Z,6897,1,
281,32,3,2,2025-01-12T00:00:00Z,9429,2,407
282,33,1,3,2025-01-13T00:00:00Z,564,3,88
283,34,2,4,2025-01-14T00:00:00Z,5529,4,186
284,35,3,1,2025-01-15T00:00:00Z,3174,5,
285,36,1,2,2025-01-16T00:00:00Z,4125,1,458
286,37,2,3,2025-01-17T00:00:00Z,4816,2,79
287,38,3,4,2025-01-18T00:00:00Z,3350,3,204
288,39,1,1,2025-01-19T00:00:00Z,4264,4,
289,40,2,2,2025-01-20T00:00:00Z,7107,5,20
290,41,3,3,2025-01-21T00:00:00Z,5637,1,238
291,42,1,4,2025-01-22T00:00:00Z,3072,2,89
292,43,2,1,2025-01-23T00:00:00Z,9914,3,
293,44,3,2,2025-01-24T00:00:00Z,7920,4,103
294,45,1,3,2025-01-25T00:00:00Z,9338,5,163
295,46,2,4,2025-01-26T00:00:00Z,9471,1,351
296,47,3,1,2025-01-27T00:00:00Z,2644,2,
297,48,1,2,2025-01-28T00:00:00Z,9645,3,124
298,49,2,3,2025-01-29T00:00:00Z,4996,4,451
299,50,3,4,2025-01-30T00:00:00Z,3738,5,367
300,1,1,1,2025-01-31T00:00:00Z,3887,1,
301,2,2,2,2025-02-01T00:00:00Z,3016,2,182
302,3,3,3,2025-02-02T00:00:00Z,3259,3,376
303,4,1,4,2025-02-03T00:00:00Z,5581,4,96
304,5,2,1,2025-02-04T00:00:00Z,6056,5,
305,6,3,2,2025-02-05T00:00:00Z,7341,1,303
306,7,1,3,2025-02-06T00:00:00Z,4999,2,469
307,8,2,4,2025-02-07T00:00:00Z,2178,3,203
308,9,3,1,2025-02-08T00:00:00Z,8513,4,
309,10,1,2,2025-02-09T00:00:00Z,7261,5,89
310,11,2,3,2025-02-10T00:00:00Z,8702,1,124
311,12,3,4,2025-02-11T00:00:00Z,4727,2,314
312,13,1,1,2025-02-12T00:00:00Z,2618,3,
313,14,2,2,2025-02-13T00:00:00Z,7587,4,374
314,15,3,3,2025-02-14T00:00:00Z,4222,5,261
315,16,1,4,2025-02-15T00:00:00Z,5970,1,404
316,17,2,1,2025-02-16T00:00:00Z,3142,2,
317,18,3,2,2025-02-17T00:00:00Z,2896,3,111
318,19,1,3,2025-02-18T00:00:00Z,5285,4,315
319,20,2,4,2025-02-19T00:00:00Z,7487,5,372
320,21,3,1,2025-02-20T00:00:00Z,4603,1,
321,22,1,2,2025-02-21T00:00:00Z,5775,2,370
322,23,2,3,2025-02-22T00:00:00Z,763,3,26
323,24,3,4,2025-02-23T00:00:00Z,7632,4,248
324,25,1,1,2025-02-24T00:00:00Z,7283,5,
325,26,2,2,2025-02-25T00:00:00Z,4050,1,170
326,27,3,3,2025-02-26T00:00:00Z,1702,2,338
327,28,1,4,2025-02-27T00:00:00Z,8585,3,72
328,29,2,1,2025-02-28T00:00:00Z,2050,4,
329,30,3,2,2025-03-01T00:00:00Z,7038,5,66
330,31,1,3,2025-03-02T00:00:00Z,1635,1,71
331,32,2,4,2025-03-03T00:00:00Z,4768,2,401
332,33,3,1,2025-03-04T00:00:00Z,8090,3,
333,34,1,2,2025-03-05T00:00:00Z,9439,4,71
334,35,2,3,2025-03-06T00:00:00Z,638,5,420
335,36,3,4,2025-03-07T00:00:00Z,3871,1,71
336,37,1,1,2025-03-08T00:00:00Z,3607,2,
337,38,2,2,2025-03-09T00:00:00Z,3516,3,125
338,39,3,3,2025-03-10T00:00:00Z,3967,4,394
339,40,1,4,2025-03-11T00:00:00Z,1373,5,459
340,41,2,1,2025-03-12T00:00:00Z,7575,1,
341,42,3,2,2025-03-13T00:00:00Z,9230,2,184
342,43,1,3,2025-03-14T00:00:00Z,9588,3,435
343,44,2,4,2025-03-15T00:00:00Z,9470,4,214
344,45,3,1,2025-03-16T00:00:00Z,4319,5,
345,46,1,2,2025-03-17T00:00:00Z,6037,1,276
346,47,2,3,2025-03-18T00:00:00Z,7123,2,154
347,48,3,4,2025-03-19T00:00:00Z,9200,3,237
348,49,1,1,2025-03-20T00:00:00Z,4121,4,
349,50,2,2,2025-03-21T00:00:00Z,6800,5,168
350,1,3,3,2025-03-22T00:00:00Z,4356,1,348
351,2,1,4,2025-03-23T00:00:00Z,8651,2,260
352,3,2,1,2025-03-24T00:00:00Z,4153,3,
353,4,3,2,2025-03-25T00:00:00Z,1246,4,104
354,5,1,3,2025-03-26T00:00:00Z,3921,5,62
355,6,2,4,2025-03-27T00:00:00Z,7234,1,67
356,7,3,1,2025-03-28T00:00:00Z,1903,2,
357,8,1,2,2025-03-29T00:00:00Z,4608,3,48
358,9,2,3,2025-03-30T00:00:00Z,4307,4,392
359,10,3,4,2025-03-31T00:00:00Z,4860,5,86
360,11,1,1,2025-01-01T00:00:00Z,5715,1,
361,12,2,2,2025-01-02T00:00:00Z,701,2,290
362,13,3,3,2025-01-03T00:00:00Z,5544,3,45
363,14,1,4,2025-01-04T00:00:00Z,3478,4,263
364,15,2,1,2025-01-05T00:00:00Z,2447,5,
365,16,3,2,2025-01-06T00:00:00Z,528,1,263
366,17,1,3,2025-01-07T00:00:00Z,2498,2,38
367,18,2,4,2025-01-08T00:00:00Z,4537,3,394
368,19,3,1,2025-01-09T00:00:00Z,442,4,
369,20,1,2,2025-01-10T00:00:00Z,1073,5,451
370,21,2,3,2025-01-11T00:00:00Z,2005,1,130
371,22,3,4,2025-01-12T00:00:00Z,1180,2,79
372,23,1,1,2025-01-13T00:00:00Z,378,3,
373,24,2,2,2025-01-14T00:00:00Z,849,4,47
374,25,3,3,2025-01-15T00:00:00Z,580,5,207
375,26,1,4,2025-01-16T00:00:00Z,4998,1,427
376,27,2,1,2025-01-17T00:00:00Z,3853,2,
377,28,3,2,2025-01-18T00:00:00Z,328,3,434
378,29,1,3,2025-01-19T00:00:00Z,8623,4,490
379,30,2,4,2025-01-20T00:00:00Z,432,5,478
380,31,3,1,2025-01-21T00:00:00Z,7506,1,
381,32,1,2,2025-01-22T00:00:00Z,6673,2,474
382,33,2,3,2025-01-23T00:00:00Z,9273,3,454
383,34,3,4,2025-01-24T00:00:00Z,357,4,329
384,35,1,1,2025-01-25T00:00:00Z,1817,5,
385,36,2,2,2025-01-26T00:00:00Z,6441,1,93
386,37,3,3,2025-01-27T00:00:00Z,1491,2,411
387,38,1,4,2025-01-28T00:00:00Z,259,3,194
388,39,2,1,2025-01-29T00:00:00Z,7026,4,
389,40,3,2,2025-01-30T00:00:00Z,1957,5,287
390,41,1,3,2025-01-31T00:00:00Z,8094,1,283
391,42,2,4,2025-02-01T00:00:00Z,2376,2,312
392,43,3,1,2025-02-02T00:00:00Z,4679,3,
393,44,1,2,2025-02-03T00:00:00Z,753,4,206
394,45,2,3,2025-02-04T00:00:00Z,4558,5,188
395,46,3,4,2025-02-05T00:00:00Z,3874,1,58
396,47,1,1,2025-02-06T00:00:00Z,330,2,
397,48,2,2,2025-02-07T00:00:00Z,5548,3,107
398,49,3,3,2025-02-08T00:00:00Z,8077,4,65
399,50,1,4,2025-02-09T00:00:00Z,7331,5,481
400,1,2,1,2025-02-10T00:00:00Z,152,1,
401,2,3,2,2025-02-11T00:00:00Z,9266,2,424
402,3,1,3,2025-02-12T00:00:00Z,4235,3,377
403,4,2,4,2025-02-13T00:00:00Z,3179,4,93
404,5,3,1,2025-02-14T00:00:00Z,8955,5,
405,6,1,2,2025-02-15T00:00:00Z,998,1,217
406,7,2,3,2025-02-16T00:00:00Z,1105,2,344
407,8,3,4,2025-02-17T00:00:00Z,4229,3,101
